{
  "name": "libra mini",
  "vendorId": "0x4C4D",
  "productId": "0x4C23",
  "vendorIdBk": "0x4C4D",
  "productIdBk": "0x4C23",
  "lighting": "none",
  "matrix": { "rows": 5, "cols": 14 },
  "layouts": {
    "labels": [
      "Split BackSpace",
      "Joy Stick"
    ],
    "keymap": [
      [{"x":12.5},"0,11\n\n\n0,1","3,11\n\n\n0,1"],
      [{"y":0.25,"x":0.25},"0,0","0,1",{"x":9.25},"0,10",{"w":2},"0,11\n\n\n0,0"],
      [{"x":0.13,"w":1.25},"1,0","1,1",{"x":9.45},"1,10",{"x":0,"w":1.75},"1,11"],
      [{"w":1.75},"2,0","2,1",{"x":8.75},"2,10","2,11",{"w":1.25},"3,10"],
      [{"ry":4.5,"y":-0.25,"x":0.13,"w":1.25},"3,0","3,1",{"x":9.77,"w":1.25},"3,8\n\n\n1,0",{"x":0,"w":1.25},"3,9\n\n\n1,0"],
      [{"y":0.25,"x":12.63,"w2":1.5,"h2":0.1,"x2":-0.5},"3,8\n\n\n1,1","3,9\n\n\n1,1"],
      [{"y":-0.9,"x":11.5,"w":0.5,"h":0.5},"4,3\n\n\n1,1"],
      [{"y":-0.5,"x":11,"w":0.5,"h":0.5},"4,6\n\n\n1,1",{"w":0.5,"h":0.5},"4,4\n\n\n1,1",{"w":0.5,"h":0.5},"4,7\n\n\n1,1"],
      [{"r":8,"rx":1.25,"ry":1,"x":1.25},"0,2","0,3","0,4","0,5"],
      [{"x":1.63},"1,2","1,3","1,4","1,5"],
      [{"x":2},"2,2","2,3","2,4","2,5"],
      [{"x":2.75,"w":1.25},"3,3",{"w":2},"3,4"],
      [{"r":-8,"rx":9.75,"ry":6.75,"y":-5.25,"x":-1.75},"0,6","0,7","0,8","0,9"],
      [{"x":-1.62},"1,6","1,7","1,8","1,9"],
      [{"x":-2},"2,6","2,7","2,8","2,9"],
      [{"x":-2,"w":2.25},"3,6",{"w":1.25},"3,7\n\n\n1,0"],
      [{"y":0.25,"x":0.25},"3,7\n\n\n1,1"]
    ],
    "keymap2": [
      [{"x":12.5},"0,11\n\n\n0,1","3,11\n\n\n0,1"],
      [{"y":0.25,"x":0.25},"0,0","0,1",{"x":9.25},"0,10",{"w":2},"0,11\n\n\n0,0"],
      [{"x":0.13,"w":1.25},"1,0","1,1",{"x":9.45},"1,10",{"x":0,"w":1.75},"1,11"],
      [{"w":1.75},"2,0","2,1",{"x":8.75},"2,10","2,11",{"w":1.25},"3,10"],
      [{"ry":4.5,"y":-0.25,"x":0.13,"w":1.25},"3,0","3,1",{"x":9.77,"w":1.25},"3,8\n\n\n1,0",{"x":0,"w":1.25},"3,9\n\n\n1,0"],
      [{"y":0.25,"x":12.63,"w2":1.5,"h2":0.1,"x2":-0.5},"3,8\n\n\n1,1","3,9\n\n\n1,1"],
      [{"y":-0.9,"x":11.5,"w":0.5,"h":0.5},"4,3\n\n\n1,1"],
      [{"y":-0.75,"x":11,"w":0.5,"h":0.5},"4,6\n\n\n1,1",{"x":0.5,"w":0.5,"h":0.5},"4,7\n\n\n1,1"],
      [{"y":-0.75,"x":11.5,"w":0.5,"h":0.5},"4,4\n\n\n1,1"],
      [{"r":8,"rx":1.25,"ry":1,"x":1.25},"0,2","0,3","0,4","0,5"],
      [{"x":1.63},"1,2","1,3","1,4","1,5"],
      [{"x":2},"2,2","2,3","2,4","2,5"],
      [{"x":2.75,"w":1.25},"3,3",{"w":2},"3,4"],
      [{"r":-8,"rx":9.75,"ry":6.75,"y":-5.25,"x":-1.75},"0,6","0,7","0,8","0,9"],
      [{"x":-1.62},"1,6","1,7","1,8","1,9"],
      [{"x":-2},"2,6","2,7","2,8","2,9"],
      [{"x":-2,"w":2.25},"3,6",{"w":1.25},"3,7\n\n\n1,0"],
      [{"y":0.25,"x":0.25},"3,7\n\n\n1,1"]
    ]
  }
}
